{"class_name": "Sequential", "keras_version": "1.1.1", "config": [{"class_name": "Convolution2D", "config": {"b_regularizer": null, "W_constraint": null, "b_constraint": null, "name": "convolution2d_3", "activity_regularizer": null, "trainable": true, "dim_ordering": "th", "nb_col": 3, "subsample": [1, 1], "init": "glorot_uniform", "bias": true, "nb_filter": 32, "input_dtype": "float32", "border_mode": "valid", "batch_input_shape": [null, 1, 40, 120], "W_regularizer": null, "activation": "linear", "nb_row": 3}}, {"class_name": "Activation", "config": {"activation": "relu", "trainable": true, "name": "activation_5"}}, {"class_name": "Convolution2D", "config": {"W_constraint": null, "b_constraint": null, "name": "convolution2d_4", "activity_regularizer": null, "trainable": true, "dim_ordering": "tf", "nb_col": 3, "subsample": [1, 1], "init": "glorot_uniform", "bias": true, "nb_filter": 32, "border_mode": "valid", "b_regularizer": null, "W_regularizer": null, "activation": "linear", "nb_row": 3}}, {"class_name": "Activation", "config": {"activation": "relu", "trainable": true, "name": "activation_6"}}, {"class_name": "MaxPooling2D", "config": {"name": "maxpooling2d_2", "trainable": true, "dim_ordering": "tf", "pool_size": [2, 2], "strides": [2, 2], "border_mode": "valid"}}, {"class_name": "Dropout", "config": {"p": 0.25, "trainable": true, "name": "dropout_3"}}, {"class_name": "Flatten", "config": {"trainable": true, "name": "flatten_2"}}, {"class_name": "Dense", "config": {"W_constraint": null, "b_constraint": null, "name": "dense_3", "activity_regularizer": null, "trainable": true, "init": "glorot_uniform", "bias": true, "input_dim": null, "b_regularizer": null, "W_regularizer": null, "activation": "linear", "output_dim": 128}}, {"class_name": "Activation", "config": {"activation": "relu", "trainable": true, "name": "activation_7"}}, {"class_name": "Dropout", "config": {"p": 0.5, "trainable": true, "name": "dropout_4"}}, {"class_name": "Dense", "config": {"W_constraint": null, "b_constraint": null, "name": "dense_4", "activity_regularizer": null, "trainable": true, "init": "glorot_uniform", "bias": true, "input_dim": null, "b_regularizer": null, "W_regularizer": null, "activation": "linear", "output_dim": 36}}, {"class_name": "Activation", "config": {"activation": "softmax", "trainable": true, "name": "activation_8"}}]}